{"amount": 0.32511125067282753, "amount_to_category_ratio": 0.1887608525733466, "vendor_frequency": 0.29252851677069375, "vendor_is_rare": 0.048676196985071245, "approval_lag_hours": 0.20896907040707283, "approved_on_weekend": 0.507888366112397, "department_risk_score": 0.34150928162867433, "dept_encoded": 0.2664550143095202, "cat_encoded": 0.21982595841419625}